CustomerID,Recency,Frequency,Monetary,Cluster_Label,Segment_Name
CUST001,39,1,150,1,Gold (Loyal)
CUST002,309,1,1000,2,Platinum (VIP)
CUST003,354,1,30,0,Silver (Standard)
CUST004,226,1,500,0,Silver (Standard)
CUST005,241,1,100,0,Silver (Standard)
CUST006,252,1,30,0,Silver (Standard)
CUST007,295,1,50,0,Silver (Standard)
CUST008,314,1,100,0,Silver (Standard)
CUST009,20,1,600,1,Gold (Loyal)
CUST010,87,1,200,1,Gold (Loyal)
CUST011,322,1,100,0,Silver (Standard)
CUST012,64,1,75,1,Gold (Loyal)
CUST013,150,1,1500,2,Platinum (VIP)
CUST014,350,1,120,0,Silver (Standard)
CUST015,351,1,2000,2,Platinum (VIP)
CUST016,319,1,1500,2,Platinum (VIP)
CUST017,255,1,100,0,Silver (Standard)
CUST018,247,1,50,0,Silver (Standard)
CUST019,108,1,50,1,Gold (Loyal)
CUST020,58,1,900,1,Gold (Loyal)
CUST021,353,1,500,0,Silver (Standard)
CUST022,79,1,100,1,Gold (Loyal)
CUST023,265,1,120,0,Silver (Standard)
CUST024,34,1,300,1,Gold (Loyal)
CUST025,7,1,50,1,Gold (Loyal)
CUST026,87,1,1000,2,Platinum (VIP)
CUST027,152,1,50,1,Gold (Loyal)
CUST028,254,1,500,0,Silver (Standard)
CUST029,137,1,30,1,Gold (Loyal)
CUST030,65,1,900,1,Gold (Loyal)
CUST031,224,1,1200,2,Platinum (VIP)
CUST032,363,1,90,0,Silver (Standard)
CUST033,285,1,100,0,Silver (Standard)
CUST034,9,1,150,1,Gold (Loyal)
CUST035,150,1,900,2,Platinum (VIP)
CUST036,192,1,900,2,Platinum (VIP)
CUST037,224,1,75,0,Silver (Standard)
CUST038,287,1,200,0,Silver (Standard)
CUST039,256,1,120,0,Silver (Standard)
CUST040,194,1,50,0,Silver (Standard)
CUST041,314,1,50,0,Silver (Standard)
CUST042,319,1,900,0,Silver (Standard)
CUST043,172,1,300,1,Gold (Loyal)
CUST044,317,1,25,0,Silver (Standard)
CUST045,183,1,30,0,Silver (Standard)
CUST046,190,1,1200,2,Platinum (VIP)
CUST047,57,1,1500,2,Platinum (VIP)
CUST048,231,1,900,2,Platinum (VIP)
CUST049,344,1,1000,2,Platinum (VIP)
CUST050,131,1,75,1,Gold (Loyal)
CUST051,92,1,75,1,Gold (Loyal)
CUST052,303,1,300,0,Silver (Standard)
CUST053,173,1,100,1,Gold (Loyal)
CUST054,326,1,1500,2,Platinum (VIP)
CUST055,84,1,120,1,Gold (Loyal)
CUST056,216,1,900,2,Platinum (VIP)
CUST057,45,1,30,1,Gold (Loyal)
CUST058,50,1,1200,2,Platinum (VIP)
CUST059,181,1,50,0,Silver (Standard)
CUST060,71,1,150,1,Gold (Loyal)
CUST061,268,1,200,0,Silver (Standard)
CUST062,6,1,100,1,Gold (Loyal)
CUST063,331,1,50,0,Silver (Standard)
CUST064,343,1,100,0,Silver (Standard)
CUST065,28,1,2000,2,Platinum (VIP)
CUST066,250,1,30,0,Silver (Standard)
CUST067,218,1,1200,2,Platinum (VIP)
CUST068,326,1,300,0,Silver (Standard)
CUST069,247,1,75,0,Silver (Standard)
CUST070,315,1,300,0,Silver (Standard)
CUST071,172,1,100,1,Gold (Loyal)
CUST072,224,1,2000,2,Platinum (VIP)
CUST073,134,1,90,1,Gold (Loyal)
CUST074,41,1,2000,2,Platinum (VIP)
CUST075,180,1,200,1,Gold (Loyal)
CUST076,283,1,100,0,Silver (Standard)
CUST077,177,1,100,1,Gold (Loyal)
CUST078,185,1,1500,2,Platinum (VIP)
CUST079,259,1,300,0,Silver (Standard)
CUST080,23,1,60,1,Gold (Loyal)
CUST081,230,1,50,0,Silver (Standard)
CUST082,7,1,200,1,Gold (Loyal)
CUST083,17,1,100,1,Gold (Loyal)
CUST084,35,1,90,1,Gold (Loyal)
CUST085,330,1,150,0,Silver (Standard)
CUST086,55,1,90,1,Gold (Loyal)
CUST087,41,1,100,1,Gold (Loyal)
CUST088,279,1,500,0,Silver (Standard)
CUST089,93,1,2000,2,Platinum (VIP)
CUST090,241,1,30,0,Silver (Standard)
CUST091,283,1,500,0,Silver (Standard)
CUST092,130,1,120,1,Gold (Loyal)
CUST093,172,1,2000,2,Platinum (VIP)
CUST094,228,1,1000,2,Platinum (VIP)
CUST095,39,1,60,1,Gold (Loyal)
CUST096,14,1,600,1,Gold (Loyal)
CUST097,81,1,1000,2,Platinum (VIP)
CUST098,254,1,100,0,Silver (Standard)
CUST099,16,1,1200,2,Platinum (VIP)
CUST100,200,1,30,0,Silver (Standard)
CUST1000,265,1,120,0,Silver (Standard)
CUST101,338,1,600,0,Silver (Standard)
CUST102,249,1,50,0,Silver (Standard)
CUST103,350,1,25,0,Silver (Standard)
CUST104,205,1,1000,2,Platinum (VIP)
CUST105,161,1,500,1,Gold (Loyal)
CUST106,229,1,50,0,Silver (Standard)
CUST107,333,1,1200,2,Platinum (VIP)
CUST108,258,1,75,0,Silver (Standard)
CUST109,76,1,2000,2,Platinum (VIP)
CUST110,205,1,900,2,Platinum (VIP)
CUST111,258,1,1500,2,Platinum (VIP)
CUST112,31,1,1500,2,Platinum (VIP)
CUST113,111,1,50,1,Gold (Loyal)
CUST114,164,1,100,1,Gold (Loyal)
CUST115,37,1,1500,2,Platinum (VIP)
CUST116,132,1,30,1,Gold (Loyal)
CUST117,293,1,1000,2,Platinum (VIP)
CUST118,231,1,2000,2,Platinum (VIP)
CUST119,295,1,150,0,Silver (Standard)
CUST120,240,1,50,0,Silver (Standard)
CUST121,79,1,200,1,Gold (Loyal)
CUST122,91,1,120,1,Gold (Loyal)
CUST123,232,1,60,0,Silver (Standard)
CUST124,67,1,2000,2,Platinum (VIP)
CUST125,147,1,100,1,Gold (Loyal)
CUST126,68,1,90,1,Gold (Loyal)
CUST127,162,1,50,1,Gold (Loyal)
CUST128,181,1,500,1,Gold (Loyal)
CUST129,254,1,600,0,Silver (Standard)
CUST130,296,1,500,0,Silver (Standard)
CUST131,106,1,600,1,Gold (Loyal)
CUST132,114,1,200,1,Gold (Loyal)
CUST133,320,1,900,0,Silver (Standard)
CUST134,342,1,50,0,Silver (Standard)
CUST135,310,1,50,0,Silver (Standard)
CUST136,288,1,600,0,Silver (Standard)
CUST137,45,1,1000,1,Gold (Loyal)
CUST138,285,1,200,0,Silver (Standard)
CUST139,18,1,2000,2,Platinum (VIP)
CUST140,150,1,30,1,Gold (Loyal)
CUST141,61,1,50,1,Gold (Loyal)
CUST142,334,1,1200,2,Platinum (VIP)
CUST143,169,1,50,1,Gold (Loyal)
CUST144,171,1,1500,2,Platinum (VIP)
CUST145,61,1,75,1,Gold (Loyal)
CUST146,127,1,200,1,Gold (Loyal)
CUST147,96,1,300,1,Gold (Loyal)
CUST148,238,1,60,0,Silver (Standard)
CUST149,83,1,75,1,Gold (Loyal)
CUST150,361,1,120,0,Silver (Standard)
CUST151,18,1,50,1,Gold (Loyal)
CUST152,308,1,2000,2,Platinum (VIP)
CUST153,17,1,1000,1,Gold (Loyal)
CUST154,92,1,900,1,Gold (Loyal)
CUST155,230,1,2000,2,Platinum (VIP)
CUST156,38,1,100,1,Gold (Loyal)
CUST157,192,1,2000,2,Platinum (VIP)
CUST158,309,1,600,0,Silver (Standard)
CUST159,216,1,200,0,Silver (Standard)
CUST160,144,1,100,1,Gold (Loyal)
CUST161,286,1,1000,2,Platinum (VIP)
CUST162,134,1,60,1,Gold (Loyal)
CUST163,365,1,150,0,Silver (Standard)
CUST164,232,1,1500,2,Platinum (VIP)
CUST165,110,1,1200,2,Platinum (VIP)
CUST166,275,1,2000,2,Platinum (VIP)
CUST167,107,1,150,1,Gold (Loyal)
CUST168,312,1,300,0,Silver (Standard)
CUST169,46,1,1500,2,Platinum (VIP)
CUST170,214,1,50,0,Silver (Standard)
CUST171,39,1,900,1,Gold (Loyal)
CUST172,107,1,50,1,Gold (Loyal)
CUST173,55,1,120,1,Gold (Loyal)
CUST174,265,1,300,0,Silver (Standard)
CUST175,288,1,100,0,Silver (Standard)
CUST176,175,1,100,1,Gold (Loyal)
CUST177,284,1,100,0,Silver (Standard)
CUST178,90,1,60,1,Gold (Loyal)
CUST179,95,1,300,1,Gold (Loyal)
CUST180,366,1,900,0,Silver (Standard)
CUST181,60,1,1200,2,Platinum (VIP)
CUST182,201,1,120,0,Silver (Standard)
CUST183,116,1,900,2,Platinum (VIP)
CUST184,357,1,200,0,Silver (Standard)
CUST185,309,1,25,0,Silver (Standard)
CUST186,181,1,200,1,Gold (Loyal)
CUST187,209,1,100,0,Silver (Standard)
CUST188,244,1,75,0,Silver (Standard)
CUST189,337,1,50,0,Silver (Standard)
CUST190,243,1,90,0,Silver (Standard)
CUST191,76,1,25,1,Gold (Loyal)
CUST192,326,1,100,0,Silver (Standard)
CUST193,323,1,1500,2,Platinum (VIP)
CUST194,118,1,200,1,Gold (Loyal)
CUST195,331,1,30,0,Silver (Standard)
CUST196,94,1,900,1,Gold (Loyal)
CUST197,302,1,200,0,Silver (Standard)
CUST198,301,1,900,2,Platinum (VIP)
CUST199,29,1,1500,2,Platinum (VIP)
CUST200,123,1,150,1,Gold (Loyal)
CUST201,85,1,25,1,Gold (Loyal)
CUST202,282,1,1200,2,Platinum (VIP)
CUST203,231,1,1000,2,Platinum (VIP)
CUST204,96,1,25,1,Gold (Loyal)
CUST205,56,1,25,1,Gold (Loyal)
CUST206,150,1,25,1,Gold (Loyal)
CUST207,258,1,50,0,Silver (Standard)
CUST208,90,1,200,1,Gold (Loyal)
CUST209,13,1,200,1,Gold (Loyal)
CUST210,264,1,200,0,Silver (Standard)
CUST211,1,1,1500,2,Platinum (VIP)
CUST212,207,1,1500,2,Platinum (VIP)
CUST213,162,1,1500,2,Platinum (VIP)
CUST214,23,1,60,1,Gold (Loyal)
CUST215,34,1,1500,2,Platinum (VIP)
CUST216,175,1,100,1,Gold (Loyal)
CUST217,142,1,200,1,Gold (Loyal)
CUST218,102,1,90,1,Gold (Loyal)
CUST219,135,1,90,1,Gold (Loyal)
CUST220,305,1,500,0,Silver (Standard)
CUST221,240,1,600,0,Silver (Standard)
CUST222,251,1,120,0,Silver (Standard)
CUST223,334,1,25,0,Silver (Standard)
CUST224,193,1,50,0,Silver (Standard)
CUST225,356,1,100,0,Silver (Standard)
CUST226,65,1,50,1,Gold (Loyal)
CUST227,83,1,100,1,Gold (Loyal)
CUST228,249,1,60,0,Silver (Standard)
CUST229,65,1,90,1,Gold (Loyal)
CUST230,254,1,25,0,Silver (Standard)
CUST231,363,1,150,0,Silver (Standard)
CUST232,330,1,25,0,Silver (Standard)
CUST233,4,1,600,1,Gold (Loyal)
CUST234,43,1,50,1,Gold (Loyal)
CUST235,336,1,1000,2,Platinum (VIP)
CUST236,249,1,25,0,Silver (Standard)
CUST237,332,1,1000,2,Platinum (VIP)
CUST238,350,1,500,0,Silver (Standard)
CUST239,197,1,1500,2,Platinum (VIP)
CUST240,330,1,300,0,Silver (Standard)
CUST241,103,1,75,1,Gold (Loyal)
CUST242,245,1,25,0,Silver (Standard)
CUST243,224,1,900,2,Platinum (VIP)
CUST244,24,1,100,1,Gold (Loyal)
CUST245,118,1,90,1,Gold (Loyal)
CUST246,257,1,50,0,Silver (Standard)
CUST247,90,1,60,1,Gold (Loyal)
CUST248,299,1,900,2,Platinum (VIP)
CUST249,74,1,50,1,Gold (Loyal)
CUST250,71,1,50,1,Gold (Loyal)
CUST251,124,1,200,1,Gold (Loyal)
CUST252,242,1,300,0,Silver (Standard)
CUST253,124,1,2000,2,Platinum (VIP)
CUST254,158,1,500,1,Gold (Loyal)
CUST255,269,1,30,0,Silver (Standard)
CUST256,318,1,1000,2,Platinum (VIP)
CUST257,317,1,2000,2,Platinum (VIP)
CUST258,29,1,50,1,Gold (Loyal)
CUST259,146,1,200,1,Gold (Loyal)
CUST260,185,1,60,0,Silver (Standard)
CUST261,150,1,50,1,Gold (Loyal)
CUST262,156,1,120,1,Gold (Loyal)
CUST263,127,1,60,1,Gold (Loyal)
CUST264,339,1,900,0,Silver (Standard)
CUST265,22,1,900,1,Gold (Loyal)
CUST266,32,1,60,1,Gold (Loyal)
CUST267,36,1,90,1,Gold (Loyal)
CUST268,316,1,30,0,Silver (Standard)
CUST269,335,1,2000,2,Platinum (VIP)
CUST270,160,1,300,1,Gold (Loyal)
CUST271,193,1,120,0,Silver (Standard)
CUST272,311,1,100,0,Silver (Standard)
CUST273,239,1,50,0,Silver (Standard)
CUST274,268,1,1000,2,Platinum (VIP)
CUST275,269,1,1000,2,Platinum (VIP)
CUST276,92,1,100,1,Gold (Loyal)
CUST277,137,1,100,1,Gold (Loyal)
CUST278,295,1,100,0,Silver (Standard)
CUST279,150,1,500,1,Gold (Loyal)
CUST280,273,1,1500,2,Platinum (VIP)
CUST281,224,1,2000,2,Platinum (VIP)
CUST282,130,1,200,1,Gold (Loyal)
CUST283,239,1,500,0,Silver (Standard)
CUST284,328,1,200,0,Silver (Standard)
CUST285,140,1,25,1,Gold (Loyal)
CUST286,85,1,50,1,Gold (Loyal)
CUST287,316,1,100,0,Silver (Standard)
CUST288,341,1,120,0,Silver (Standard)
CUST289,33,1,60,1,Gold (Loyal)
CUST290,90,1,600,1,Gold (Loyal)
CUST291,359,1,600,0,Silver (Standard)
CUST292,319,1,1200,2,Platinum (VIP)
CUST293,245,1,90,0,Silver (Standard)
CUST294,281,1,90,0,Silver (Standard)
CUST295,158,1,900,2,Platinum (VIP)
CUST296,118,1,1200,2,Platinum (VIP)
CUST297,120,1,1000,2,Platinum (VIP)
CUST298,257,1,1200,2,Platinum (VIP)
CUST299,161,1,1000,2,Platinum (VIP)
CUST300,336,1,200,0,Silver (Standard)
CUST301,282,1,120,0,Silver (Standard)
CUST302,172,1,600,1,Gold (Loyal)
CUST303,365,1,90,0,Silver (Standard)
CUST304,167,1,60,1,Gold (Loyal)
CUST305,231,1,30,0,Silver (Standard)
CUST306,134,1,50,1,Gold (Loyal)
CUST307,220,1,50,0,Silver (Standard)
CUST308,150,1,1200,2,Platinum (VIP)
CUST309,10,1,25,1,Gold (Loyal)
CUST310,82,1,25,1,Gold (Loyal)
CUST311,28,1,100,1,Gold (Loyal)
CUST312,117,1,120,1,Gold (Loyal)
CUST313,287,1,1500,2,Platinum (VIP)
CUST314,269,1,120,0,Silver (Standard)
CUST315,215,1,60,0,Silver (Standard)
CUST316,255,1,50,0,Silver (Standard)
CUST317,337,1,90,0,Silver (Standard)
CUST318,70,1,25,1,Gold (Loyal)
CUST319,89,1,500,1,Gold (Loyal)
CUST320,335,1,1200,2,Platinum (VIP)
CUST321,206,1,50,0,Silver (Standard)
CUST322,337,1,500,0,Silver (Standard)
CUST323,341,1,900,0,Silver (Standard)
CUST324,67,1,150,1,Gold (Loyal)
CUST325,122,1,50,1,Gold (Loyal)
CUST326,109,1,75,1,Gold (Loyal)
CUST327,95,1,150,1,Gold (Loyal)
CUST328,286,1,100,0,Silver (Standard)
CUST329,337,1,100,0,Silver (Standard)
CUST330,106,1,200,1,Gold (Loyal)
CUST331,325,1,90,0,Silver (Standard)
CUST332,271,1,1200,2,Platinum (VIP)
CUST333,331,1,1200,2,Platinum (VIP)
CUST334,62,1,900,1,Gold (Loyal)
CUST335,332,1,120,0,Silver (Standard)
CUST336,21,1,150,1,Gold (Loyal)
CUST337,246,1,500,0,Silver (Standard)
CUST338,160,1,100,1,Gold (Loyal)
CUST339,305,1,50,0,Silver (Standard)
CUST340,75,1,1200,2,Platinum (VIP)
CUST341,240,1,200,0,Silver (Standard)
CUST342,70,1,2000,2,Platinum (VIP)
CUST343,62,1,50,1,Gold (Loyal)
CUST344,346,1,30,0,Silver (Standard)
CUST345,49,1,30,1,Gold (Loyal)
CUST346,325,1,1000,2,Platinum (VIP)
CUST347,152,1,25,1,Gold (Loyal)
CUST348,30,1,600,1,Gold (Loyal)
CUST349,68,1,50,1,Gold (Loyal)
CUST350,77,1,75,1,Gold (Loyal)
CUST351,99,1,90,1,Gold (Loyal)
CUST352,205,1,1000,2,Platinum (VIP)
CUST353,233,1,500,0,Silver (Standard)
CUST354,262,1,200,0,Silver (Standard)
CUST355,24,1,500,1,Gold (Loyal)
CUST356,206,1,1500,2,Platinum (VIP)
CUST357,244,1,75,0,Silver (Standard)
CUST358,231,1,300,0,Silver (Standard)
CUST359,164,1,50,1,Gold (Loyal)
CUST360,299,1,100,0,Silver (Standard)
CUST361,23,1,1200,2,Platinum (VIP)
CUST362,36,1,25,1,Gold (Loyal)
CUST363,213,1,25,0,Silver (Standard)
CUST364,132,1,500,1,Gold (Loyal)
CUST365,205,1,300,0,Silver (Standard)
CUST366,329,1,100,0,Silver (Standard)
CUST367,362,1,50,0,Silver (Standard)
CUST368,132,1,1200,2,Platinum (VIP)
CUST369,48,1,1500,2,Platinum (VIP)
CUST370,78,1,60,1,Gold (Loyal)
CUST371,315,1,25,0,Silver (Standard)
CUST372,329,1,1500,2,Platinum (VIP)
CUST373,91,1,600,1,Gold (Loyal)
CUST374,257,1,75,0,Silver (Standard)
CUST375,107,1,50,1,Gold (Loyal)
CUST376,231,1,30,0,Silver (Standard)
CUST377,299,1,200,0,Silver (Standard)
CUST378,188,1,300,0,Silver (Standard)
CUST379,331,1,25,0,Silver (Standard)
CUST380,241,1,600,0,Silver (Standard)
CUST381,177,1,100,1,Gold (Loyal)
CUST382,221,1,1000,2,Platinum (VIP)
CUST383,286,1,90,0,Silver (Standard)
CUST384,142,1,500,1,Gold (Loyal)
CUST385,88,1,1500,2,Platinum (VIP)
CUST386,6,1,600,1,Gold (Loyal)
CUST387,212,1,30,0,Silver (Standard)
CUST388,53,1,25,1,Gold (Loyal)
CUST389,32,1,50,1,Gold (Loyal)
CUST390,96,1,100,1,Gold (Loyal)
CUST391,362,1,50,0,Silver (Standard)
CUST392,25,1,600,1,Gold (Loyal)
CUST393,83,1,1000,2,Platinum (VIP)
CUST394,213,1,500,0,Silver (Standard)
CUST395,27,1,1000,1,Gold (Loyal)
CUST396,313,1,30,0,Silver (Standard)
CUST397,298,1,25,0,Silver (Standard)
CUST398,231,1,600,0,Silver (Standard)
CUST399,307,1,60,0,Silver (Standard)
CUST400,312,1,200,0,Silver (Standard)
CUST401,83,1,300,1,Gold (Loyal)
CUST402,287,1,600,0,Silver (Standard)
CUST403,227,1,600,0,Silver (Standard)
CUST404,222,1,1000,2,Platinum (VIP)
CUST405,57,1,1200,2,Platinum (VIP)
CUST406,259,1,100,0,Silver (Standard)
CUST407,191,1,900,2,Platinum (VIP)
CUST408,262,1,500,0,Silver (Standard)
CUST409,15,1,900,1,Gold (Loyal)
CUST410,42,1,100,1,Gold (Loyal)
CUST411,231,1,200,0,Silver (Standard)
CUST412,108,1,2000,2,Platinum (VIP)
CUST413,116,1,75,1,Gold (Loyal)
CUST414,238,1,100,0,Silver (Standard)
CUST415,340,1,60,0,Silver (Standard)
CUST416,319,1,2000,2,Platinum (VIP)
CUST417,42,1,900,1,Gold (Loyal)
CUST418,150,1,1000,2,Platinum (VIP)
CUST419,225,1,90,0,Silver (Standard)
CUST420,344,1,2000,2,Platinum (VIP)
CUST421,365,1,1500,2,Platinum (VIP)
CUST422,196,1,90,0,Silver (Standard)
CUST423,300,1,25,0,Silver (Standard)
CUST424,40,1,1200,2,Platinum (VIP)
CUST425,232,1,120,0,Silver (Standard)
CUST426,284,1,150,0,Silver (Standard)
CUST427,140,1,25,1,Gold (Loyal)
CUST428,84,1,200,1,Gold (Loyal)
CUST429,5,1,50,1,Gold (Loyal)
CUST430,148,1,900,2,Platinum (VIP)
CUST431,79,1,1200,2,Platinum (VIP)
CUST432,362,1,1000,0,Silver (Standard)
CUST433,309,1,200,0,Silver (Standard)
CUST434,328,1,50,0,Silver (Standard)
CUST435,13,1,900,1,Gold (Loyal)
CUST436,290,1,120,0,Silver (Standard)
CUST437,87,1,1200,2,Platinum (VIP)
CUST438,348,1,30,0,Silver (Standard)
CUST439,177,1,75,1,Gold (Loyal)
CUST440,68,1,600,1,Gold (Loyal)
CUST441,84,1,1200,2,Platinum (VIP)
CUST442,291,1,100,0,Silver (Standard)
CUST443,146,1,600,1,Gold (Loyal)
CUST444,301,1,90,0,Silver (Standard)
CUST445,345,1,300,0,Silver (Standard)
CUST446,209,1,50,0,Silver (Standard)
CUST447,180,1,2000,2,Platinum (VIP)
CUST448,346,1,60,0,Silver (Standard)
CUST449,183,1,200,0,Silver (Standard)
CUST450,259,1,50,0,Silver (Standard)
CUST451,17,1,30,1,Gold (Loyal)
CUST452,239,1,1500,2,Platinum (VIP)
CUST453,25,1,1000,1,Gold (Loyal)
CUST454,314,1,25,0,Silver (Standard)
CUST455,185,1,100,0,Silver (Standard)
CUST456,80,1,60,1,Gold (Loyal)
CUST457,158,1,900,2,Platinum (VIP)
CUST458,49,1,100,1,Gold (Loyal)
CUST459,287,1,1200,2,Platinum (VIP)
CUST460,245,1,50,0,Silver (Standard)
CUST461,283,1,1000,2,Platinum (VIP)
CUST462,276,1,1200,2,Platinum (VIP)
CUST463,155,1,1500,2,Platinum (VIP)
CUST464,354,1,600,0,Silver (Standard)
CUST465,275,1,150,0,Silver (Standard)
CUST466,196,1,100,0,Silver (Standard)
CUST467,156,1,150,1,Gold (Loyal)
CUST468,24,1,25,1,Gold (Loyal)
CUST469,239,1,75,0,Silver (Standard)
CUST470,230,1,1000,2,Platinum (VIP)
CUST471,285,1,150,0,Silver (Standard)
CUST472,7,1,900,1,Gold (Loyal)
CUST473,311,1,50,0,Silver (Standard)
CUST474,171,1,1500,2,Platinum (VIP)
CUST475,347,1,75,0,Silver (Standard)
CUST476,126,1,2000,2,Platinum (VIP)
CUST477,253,1,120,0,Silver (Standard)
CUST478,264,1,60,0,Silver (Standard)
CUST479,131,1,1200,2,Platinum (VIP)
CUST480,187,1,2000,2,Platinum (VIP)
CUST481,210,1,1200,2,Platinum (VIP)
CUST482,250,1,1200,2,Platinum (VIP)
CUST483,252,1,30,0,Silver (Standard)
CUST484,354,1,1200,2,Platinum (VIP)
CUST485,29,1,30,1,Gold (Loyal)
CUST486,268,1,25,0,Silver (Standard)
CUST487,162,1,2000,2,Platinum (VIP)
CUST488,198,1,900,2,Platinum (VIP)
CUST489,224,1,30,0,Silver (Standard)
CUST490,331,1,150,0,Silver (Standard)
CUST491,224,1,900,2,Platinum (VIP)
CUST492,187,1,100,0,Silver (Standard)
CUST493,38,1,50,1,Gold (Loyal)
CUST494,106,1,200,1,Gold (Loyal)
CUST495,162,1,60,1,Gold (Loyal)
CUST496,19,1,600,1,Gold (Loyal)
CUST497,92,1,120,1,Gold (Loyal)
CUST498,197,1,100,0,Silver (Standard)
CUST499,352,1,60,0,Silver (Standard)
CUST500,307,1,100,0,Silver (Standard)
CUST501,233,1,60,0,Silver (Standard)
CUST502,275,1,150,0,Silver (Standard)
CUST503,69,1,2000,2,Platinum (VIP)
CUST504,231,1,150,0,Silver (Standard)
CUST505,347,1,50,0,Silver (Standard)
CUST506,311,1,1500,2,Platinum (VIP)
CUST507,61,1,1500,2,Platinum (VIP)
CUST508,144,1,600,1,Gold (Loyal)
CUST509,190,1,900,2,Platinum (VIP)
CUST510,206,1,200,0,Silver (Standard)
CUST511,143,1,100,1,Gold (Loyal)
CUST512,56,1,25,1,Gold (Loyal)
CUST513,105,1,100,1,Gold (Loyal)
CUST514,307,1,300,0,Silver (Standard)
CUST515,169,1,900,2,Platinum (VIP)
CUST516,71,1,100,1,Gold (Loyal)
CUST517,269,1,100,0,Silver (Standard)
CUST518,236,1,30,0,Silver (Standard)
CUST519,344,1,120,0,Silver (Standard)
CUST520,4,1,100,1,Gold (Loyal)
CUST521,143,1,120,1,Gold (Loyal)
CUST522,366,1,1500,2,Platinum (VIP)
CUST523,100,1,300,1,Gold (Loyal)
CUST524,91,1,1200,2,Platinum (VIP)
CUST525,15,1,50,1,Gold (Loyal)
CUST526,23,1,100,1,Gold (Loyal)
CUST527,266,1,50,0,Silver (Standard)
CUST528,180,1,60,1,Gold (Loyal)
CUST529,146,1,150,1,Gold (Loyal)
CUST530,331,1,120,0,Silver (Standard)
CUST531,26,1,500,1,Gold (Loyal)
CUST532,197,1,120,0,Silver (Standard)
CUST533,47,1,1500,2,Platinum (VIP)
CUST534,206,1,1000,2,Platinum (VIP)
CUST535,27,1,90,1,Gold (Loyal)
CUST536,303,1,120,0,Silver (Standard)
CUST537,213,1,500,0,Silver (Standard)
CUST538,107,1,150,1,Gold (Loyal)
CUST539,208,1,500,0,Silver (Standard)
CUST540,25,1,900,1,Gold (Loyal)
CUST541,157,1,500,1,Gold (Loyal)
CUST542,199,1,50,0,Silver (Standard)
CUST543,160,1,600,1,Gold (Loyal)
CUST544,10,1,25,1,Gold (Loyal)
CUST545,215,1,50,0,Silver (Standard)
CUST546,83,1,200,1,Gold (Loyal)
CUST547,301,1,2000,2,Platinum (VIP)
CUST548,268,1,60,0,Silver (Standard)
CUST549,151,1,100,1,Gold (Loyal)
CUST550,26,1,900,1,Gold (Loyal)
CUST551,172,1,900,2,Platinum (VIP)
CUST552,20,1,75,1,Gold (Loyal)
CUST553,277,1,1200,2,Platinum (VIP)
CUST554,51,1,150,1,Gold (Loyal)
CUST555,75,1,300,1,Gold (Loyal)
CUST556,212,1,50,0,Silver (Standard)
CUST557,159,1,90,1,Gold (Loyal)
CUST558,86,1,25,1,Gold (Loyal)
CUST559,366,1,1200,2,Platinum (VIP)
CUST560,211,1,50,0,Silver (Standard)
CUST561,220,1,2000,2,Platinum (VIP)
CUST562,259,1,50,0,Silver (Standard)
CUST563,146,1,60,1,Gold (Loyal)
CUST564,70,1,100,1,Gold (Loyal)
CUST565,56,1,60,1,Gold (Loyal)
CUST566,31,1,30,1,Gold (Loyal)
CUST567,202,1,900,2,Platinum (VIP)
CUST568,128,1,300,1,Gold (Loyal)
CUST569,140,1,200,1,Gold (Loyal)
CUST570,140,1,500,1,Gold (Loyal)
CUST571,21,1,50,1,Gold (Loyal)
CUST572,257,1,2000,2,Platinum (VIP)
CUST573,105,1,60,1,Gold (Loyal)
CUST574,124,1,50,1,Gold (Loyal)
CUST575,280,1,100,0,Silver (Standard)
CUST576,29,1,150,1,Gold (Loyal)
CUST577,323,1,2000,2,Platinum (VIP)
CUST578,221,1,120,0,Silver (Standard)
CUST579,103,1,30,1,Gold (Loyal)
CUST580,27,1,1500,2,Platinum (VIP)
CUST581,42,1,60,1,Gold (Loyal)
CUST582,49,1,900,1,Gold (Loyal)
CUST583,195,1,100,0,Silver (Standard)
CUST584,319,1,200,0,Silver (Standard)
CUST585,246,1,25,0,Silver (Standard)
CUST586,22,1,50,1,Gold (Loyal)
CUST587,208,1,1200,2,Platinum (VIP)
CUST588,251,1,60,0,Silver (Standard)
CUST589,265,1,1000,2,Platinum (VIP)
CUST590,291,1,900,2,Platinum (VIP)
CUST591,354,1,100,0,Silver (Standard)
CUST592,343,1,2000,2,Platinum (VIP)
CUST593,241,1,60,0,Silver (Standard)
CUST594,123,1,600,1,Gold (Loyal)
CUST595,54,1,2000,2,Platinum (VIP)
CUST596,329,1,300,0,Silver (Standard)
CUST597,133,1,1200,2,Platinum (VIP)
CUST598,154,1,120,1,Gold (Loyal)
CUST599,44,1,100,1,Gold (Loyal)
CUST600,72,1,1000,2,Platinum (VIP)
CUST601,267,1,30,0,Silver (Standard)
CUST602,10,1,300,1,Gold (Loyal)
CUST603,170,1,90,1,Gold (Loyal)
CUST604,113,1,200,1,Gold (Loyal)
CUST605,162,1,1000,2,Platinum (VIP)
CUST606,242,1,50,0,Silver (Standard)
CUST607,291,1,75,0,Silver (Standard)
CUST608,31,1,1500,2,Platinum (VIP)
CUST609,14,1,100,1,Gold (Loyal)
CUST610,364,1,600,0,Silver (Standard)
CUST611,312,1,1500,2,Platinum (VIP)
CUST612,149,1,500,1,Gold (Loyal)
CUST613,254,1,90,0,Silver (Standard)
CUST614,276,1,1200,2,Platinum (VIP)
CUST615,10,1,100,1,Gold (Loyal)
CUST616,101,1,100,1,Gold (Loyal)
CUST617,129,1,30,1,Gold (Loyal)
CUST618,341,1,50,0,Silver (Standard)
CUST619,81,1,100,1,Gold (Loyal)
CUST620,239,1,75,0,Silver (Standard)
CUST621,304,1,1000,2,Platinum (VIP)
CUST622,133,1,75,1,Gold (Loyal)
CUST623,298,1,150,0,Silver (Standard)
CUST624,129,1,900,2,Platinum (VIP)
CUST625,25,1,300,1,Gold (Loyal)
CUST626,95,1,2000,2,Platinum (VIP)
CUST627,80,1,50,1,Gold (Loyal)
CUST628,62,1,200,1,Gold (Loyal)
CUST629,204,1,50,0,Silver (Standard)
CUST630,140,1,100,1,Gold (Loyal)
CUST631,53,1,90,1,Gold (Loyal)
CUST632,108,1,100,1,Gold (Loyal)
CUST633,148,1,120,1,Gold (Loyal)
CUST634,86,1,2000,2,Platinum (VIP)
CUST635,138,1,900,2,Platinum (VIP)
CUST636,285,1,1500,2,Platinum (VIP)
CUST637,123,1,600,1,Gold (Loyal)
CUST638,136,1,500,1,Gold (Loyal)
CUST639,234,1,200,0,Silver (Standard)
CUST640,240,1,120,0,Silver (Standard)
CUST641,40,1,300,1,Gold (Loyal)
CUST642,225,1,100,0,Silver (Standard)
CUST643,100,1,90,1,Gold (Loyal)
CUST644,118,1,75,1,Gold (Loyal)
CUST645,46,1,120,1,Gold (Loyal)
CUST646,244,1,90,0,Silver (Standard)
CUST647,226,1,1500,2,Platinum (VIP)
CUST648,141,1,1200,2,Platinum (VIP)
CUST649,327,1,600,0,Silver (Standard)
CUST650,1,1,30,1,Gold (Loyal)
CUST651,220,1,150,0,Silver (Standard)
CUST652,246,1,100,0,Silver (Standard)
CUST653,227,1,75,0,Silver (Standard)
CUST654,195,1,75,0,Silver (Standard)
CUST655,203,1,500,0,Silver (Standard)
CUST656,90,1,90,1,Gold (Loyal)
CUST657,325,1,25,0,Silver (Standard)
CUST658,296,1,25,0,Silver (Standard)
CUST659,289,1,30,0,Silver (Standard)
CUST660,248,1,1000,2,Platinum (VIP)
CUST661,170,1,100,1,Gold (Loyal)
CUST662,11,1,1000,1,Gold (Loyal)
CUST663,288,1,1200,2,Platinum (VIP)
CUST664,5,1,2000,2,Platinum (VIP)
CUST665,257,1,50,0,Silver (Standard)
CUST666,334,1,150,0,Silver (Standard)
CUST667,154,1,500,1,Gold (Loyal)
CUST668,158,1,150,1,Gold (Loyal)
CUST669,197,1,1200,2,Platinum (VIP)
CUST670,89,1,30,1,Gold (Loyal)
CUST671,128,1,150,1,Gold (Loyal)
CUST672,154,1,100,1,Gold (Loyal)
CUST673,335,1,1500,2,Platinum (VIP)
CUST674,261,1,300,0,Silver (Standard)
CUST675,151,1,60,1,Gold (Loyal)
CUST676,167,1,1500,2,Platinum (VIP)
CUST677,67,1,1500,2,Platinum (VIP)
CUST678,10,1,900,1,Gold (Loyal)
CUST679,356,1,90,0,Silver (Standard)
CUST680,72,1,900,1,Gold (Loyal)
CUST681,172,1,60,1,Gold (Loyal)
CUST682,122,1,1200,2,Platinum (VIP)
CUST683,363,1,1000,0,Silver (Standard)
CUST684,186,1,1000,2,Platinum (VIP)
CUST685,214,1,50,0,Silver (Standard)
CUST686,167,1,200,1,Gold (Loyal)
CUST687,152,1,300,1,Gold (Loyal)
CUST688,91,1,100,1,Gold (Loyal)
CUST689,87,1,100,1,Gold (Loyal)
CUST690,58,1,900,1,Gold (Loyal)
CUST691,254,1,90,0,Silver (Standard)
CUST692,117,1,100,1,Gold (Loyal)
CUST693,254,1,1500,2,Platinum (VIP)
CUST694,227,1,50,0,Silver (Standard)
CUST695,143,1,150,1,Gold (Loyal)
CUST696,118,1,200,1,Gold (Loyal)
CUST697,352,1,500,0,Silver (Standard)
CUST698,167,1,300,1,Gold (Loyal)
CUST699,194,1,120,0,Silver (Standard)
CUST700,24,1,2000,2,Platinum (VIP)
CUST701,19,1,60,1,Gold (Loyal)
CUST702,159,1,600,1,Gold (Loyal)
CUST703,282,1,100,0,Silver (Standard)
CUST704,127,1,90,1,Gold (Loyal)
CUST705,301,1,50,0,Silver (Standard)
CUST706,48,1,100,1,Gold (Loyal)
CUST707,93,1,500,1,Gold (Loyal)
CUST708,353,1,900,0,Silver (Standard)
CUST709,165,1,1000,2,Platinum (VIP)
CUST710,63,1,1500,2,Platinum (VIP)
CUST711,78,1,1500,2,Platinum (VIP)
CUST712,27,1,50,1,Gold (Loyal)
CUST713,353,1,75,0,Silver (Standard)
CUST714,324,1,500,0,Silver (Standard)
CUST715,37,1,100,1,Gold (Loyal)
CUST716,147,1,1200,2,Platinum (VIP)
CUST717,297,1,500,0,Silver (Standard)
CUST718,130,1,75,1,Gold (Loyal)
CUST719,273,1,60,0,Silver (Standard)
CUST720,341,1,1500,2,Platinum (VIP)
CUST721,233,1,500,0,Silver (Standard)
CUST722,172,1,900,2,Platinum (VIP)
CUST723,199,1,200,0,Silver (Standard)
CUST724,258,1,150,0,Silver (Standard)
CUST725,134,1,300,1,Gold (Loyal)
CUST726,199,1,1200,2,Platinum (VIP)
CUST727,194,1,900,2,Platinum (VIP)
CUST728,172,1,150,1,Gold (Loyal)
CUST729,224,1,1200,2,Platinum (VIP)
CUST730,151,1,50,1,Gold (Loyal)
CUST731,237,1,2000,2,Platinum (VIP)
CUST732,325,1,1000,2,Platinum (VIP)
CUST733,126,1,30,1,Gold (Loyal)
CUST734,357,1,30,0,Silver (Standard)
CUST735,90,1,2000,2,Platinum (VIP)
CUST736,340,1,100,0,Silver (Standard)
CUST737,187,1,50,0,Silver (Standard)
CUST738,252,1,100,0,Silver (Standard)
CUST739,34,1,25,1,Gold (Loyal)
CUST740,331,1,200,0,Silver (Standard)
CUST741,33,1,300,1,Gold (Loyal)
CUST742,346,1,2000,2,Platinum (VIP)
CUST743,351,1,2000,2,Platinum (VIP)
CUST744,240,1,25,0,Silver (Standard)
CUST745,264,1,100,0,Silver (Standard)
CUST746,356,1,90,0,Silver (Standard)
CUST747,48,1,30,1,Gold (Loyal)
CUST748,288,1,150,0,Silver (Standard)
CUST749,244,1,30,0,Silver (Standard)
CUST750,302,1,75,0,Silver (Standard)
CUST751,124,1,50,1,Gold (Loyal)
CUST752,24,1,100,1,Gold (Loyal)
CUST753,308,1,30,0,Silver (Standard)
CUST754,78,1,100,1,Gold (Loyal)
CUST755,255,1,75,0,Silver (Standard)
CUST756,128,1,1200,2,Platinum (VIP)
CUST757,8,1,1200,2,Platinum (VIP)
CUST758,235,1,100,0,Silver (Standard)
CUST759,178,1,100,1,Gold (Loyal)
CUST760,281,1,500,0,Silver (Standard)
CUST761,56,1,500,1,Gold (Loyal)
CUST762,56,1,50,1,Gold (Loyal)
CUST763,308,1,50,0,Silver (Standard)
CUST764,283,1,25,0,Silver (Standard)
CUST765,207,1,200,0,Silver (Standard)
CUST766,311,1,900,0,Silver (Standard)
CUST767,70,1,75,1,Gold (Loyal)
CUST768,353,1,75,0,Silver (Standard)
CUST769,207,1,120,0,Silver (Standard)
CUST770,72,1,50,1,Gold (Loyal)
CUST771,20,1,50,1,Gold (Loyal)
CUST772,174,1,30,1,Gold (Loyal)
CUST773,163,1,2000,2,Platinum (VIP)
CUST774,265,1,50,0,Silver (Standard)
CUST775,328,1,100,0,Silver (Standard)
CUST776,63,1,90,1,Gold (Loyal)
CUST777,13,1,150,1,Gold (Loyal)
CUST778,45,1,100,1,Gold (Loyal)
CUST779,242,1,1000,2,Platinum (VIP)
CUST780,314,1,50,0,Silver (Standard)
CUST781,10,1,500,1,Gold (Loyal)
CUST782,212,1,900,2,Platinum (VIP)
CUST783,16,1,300,1,Gold (Loyal)
CUST784,59,1,500,1,Gold (Loyal)
CUST785,305,1,200,0,Silver (Standard)
CUST786,77,1,100,1,Gold (Loyal)
CUST787,345,1,25,0,Silver (Standard)
CUST788,189,1,900,2,Platinum (VIP)
CUST789,94,1,2000,2,Platinum (VIP)
CUST790,147,1,25,1,Gold (Loyal)
CUST791,28,1,25,1,Gold (Loyal)
CUST792,177,1,50,1,Gold (Loyal)
CUST793,331,1,30,0,Silver (Standard)
CUST794,107,1,300,1,Gold (Loyal)
CUST795,35,1,300,1,Gold (Loyal)
CUST796,192,1,120,0,Silver (Standard)
CUST797,360,1,75,0,Silver (Standard)
CUST798,151,1,50,1,Gold (Loyal)
CUST799,116,1,100,1,Gold (Loyal)
CUST800,312,1,1200,2,Platinum (VIP)
CUST801,145,1,200,1,Gold (Loyal)
CUST802,181,1,30,0,Silver (Standard)
CUST803,41,1,100,1,Gold (Loyal)
CUST804,131,1,30,1,Gold (Loyal)
CUST805,4,1,1500,2,Platinum (VIP)
CUST806,288,1,900,2,Platinum (VIP)
CUST807,144,1,200,1,Gold (Loyal)
CUST808,276,1,2000,2,Platinum (VIP)
CUST809,99,1,100,1,Gold (Loyal)
CUST810,33,1,100,1,Gold (Loyal)
CUST811,228,1,50,0,Silver (Standard)
CUST812,51,1,75,1,Gold (Loyal)
CUST813,91,1,150,1,Gold (Loyal)
CUST814,119,1,500,1,Gold (Loyal)
CUST815,128,1,75,1,Gold (Loyal)
CUST816,143,1,1000,2,Platinum (VIP)
CUST817,63,1,200,1,Gold (Loyal)
CUST818,229,1,500,0,Silver (Standard)
CUST819,201,1,100,0,Silver (Standard)
CUST820,241,1,200,0,Silver (Standard)
CUST821,322,1,300,0,Silver (Standard)
CUST822,224,1,150,0,Silver (Standard)
CUST823,136,1,100,1,Gold (Loyal)
CUST824,242,1,120,0,Silver (Standard)
CUST825,129,1,25,1,Gold (Loyal)
CUST826,75,1,300,1,Gold (Loyal)
CUST827,54,1,900,1,Gold (Loyal)
CUST828,24,1,1200,2,Platinum (VIP)
CUST829,172,1,90,1,Gold (Loyal)
CUST830,194,1,150,0,Silver (Standard)
CUST831,352,1,100,0,Silver (Standard)
CUST832,113,1,2000,2,Platinum (VIP)
CUST833,200,1,200,0,Silver (Standard)
CUST834,273,1,60,0,Silver (Standard)
CUST835,117,1,200,1,Gold (Loyal)
CUST836,258,1,50,0,Silver (Standard)
CUST837,185,1,90,0,Silver (Standard)
CUST838,234,1,600,0,Silver (Standard)
CUST839,192,1,1200,2,Platinum (VIP)
CUST840,223,1,50,0,Silver (Standard)
CUST841,61,1,100,1,Gold (Loyal)
CUST842,7,1,600,1,Gold (Loyal)
CUST843,225,1,1500,2,Platinum (VIP)
CUST844,82,1,150,1,Gold (Loyal)
CUST845,361,1,500,0,Silver (Standard)
CUST846,102,1,50,1,Gold (Loyal)
CUST847,269,1,1200,2,Platinum (VIP)
CUST848,323,1,75,0,Silver (Standard)
CUST849,243,1,50,0,Silver (Standard)
CUST850,158,1,1000,2,Platinum (VIP)
CUST851,116,1,50,1,Gold (Loyal)
CUST852,82,1,300,1,Gold (Loyal)
CUST853,243,1,1000,2,Platinum (VIP)
CUST854,13,1,50,1,Gold (Loyal)
CUST855,123,1,25,1,Gold (Loyal)
CUST856,36,1,120,1,Gold (Loyal)
CUST857,2,1,50,1,Gold (Loyal)
CUST858,115,1,100,1,Gold (Loyal)
CUST859,137,1,1500,2,Platinum (VIP)
CUST860,358,1,200,0,Silver (Standard)
CUST861,319,1,90,0,Silver (Standard)
CUST862,216,1,1200,2,Platinum (VIP)
CUST863,253,1,50,0,Silver (Standard)
CUST864,159,1,500,1,Gold (Loyal)
CUST865,12,1,300,1,Gold (Loyal)
CUST866,242,1,50,0,Silver (Standard)
CUST867,210,1,500,0,Silver (Standard)
CUST868,27,1,300,1,Gold (Loyal)
CUST869,69,1,1500,2,Platinum (VIP)
CUST870,178,1,120,1,Gold (Loyal)
CUST871,124,1,60,1,Gold (Loyal)
CUST872,83,1,75,1,Gold (Loyal)
CUST873,95,1,100,1,Gold (Loyal)
CUST874,190,1,30,0,Silver (Standard)
CUST875,149,1,2000,2,Platinum (VIP)
CUST876,85,1,120,1,Gold (Loyal)
CUST877,197,1,25,0,Silver (Standard)
CUST878,186,1,30,0,Silver (Standard)
CUST879,7,1,30,1,Gold (Loyal)
CUST880,134,1,1000,2,Platinum (VIP)
CUST881,228,1,300,0,Silver (Standard)
CUST882,210,1,50,0,Silver (Standard)
CUST883,238,1,500,0,Silver (Standard)
CUST884,248,1,60,0,Silver (Standard)
CUST885,305,1,120,0,Silver (Standard)
CUST886,268,1,900,2,Platinum (VIP)
CUST887,205,1,100,0,Silver (Standard)
CUST888,305,1,100,0,Silver (Standard)
CUST889,92,1,50,1,Gold (Loyal)
CUST890,13,1,50,1,Gold (Loyal)
CUST891,272,1,900,2,Platinum (VIP)
CUST892,268,1,50,0,Silver (Standard)
CUST893,256,1,50,0,Silver (Standard)
CUST894,119,1,30,1,Gold (Loyal)
CUST895,225,1,120,0,Silver (Standard)
CUST896,65,1,50,1,Gold (Loyal)
CUST897,98,1,100,1,Gold (Loyal)
CUST898,61,1,90,1,Gold (Loyal)
CUST899,222,1,600,0,Silver (Standard)
CUST900,315,1,60,0,Silver (Standard)
CUST901,267,1,30,0,Silver (Standard)
CUST902,215,1,50,0,Silver (Standard)
CUST903,250,1,200,0,Silver (Standard)
CUST904,182,1,500,1,Gold (Loyal)
CUST905,275,1,300,0,Silver (Standard)
CUST906,212,1,50,0,Silver (Standard)
CUST907,359,1,25,0,Silver (Standard)
CUST908,4,1,1200,2,Platinum (VIP)
CUST909,93,1,300,1,Gold (Loyal)
CUST910,302,1,150,0,Silver (Standard)
CUST911,226,1,900,2,Platinum (VIP)
CUST912,343,1,150,0,Silver (Standard)
CUST913,339,1,90,0,Silver (Standard)
CUST914,83,1,500,1,Gold (Loyal)
CUST915,217,1,90,0,Silver (Standard)
CUST916,9,1,50,1,Gold (Loyal)
CUST917,302,1,200,0,Silver (Standard)
CUST918,40,1,90,1,Gold (Loyal)
CUST919,115,1,50,1,Gold (Loyal)
CUST920,314,1,75,0,Silver (Standard)
CUST921,360,1,75,0,Silver (Standard)
CUST922,73,1,50,1,Gold (Loyal)
CUST923,221,1,900,2,Platinum (VIP)
CUST924,126,1,100,1,Gold (Loyal)
CUST925,121,1,300,1,Gold (Loyal)
CUST926,141,1,30,1,Gold (Loyal)
CUST927,192,1,2000,2,Platinum (VIP)
CUST928,272,1,1200,2,Platinum (VIP)
CUST929,340,1,75,0,Silver (Standard)
CUST930,237,1,200,0,Silver (Standard)
CUST931,122,1,120,1,Gold (Loyal)
CUST932,308,1,100,0,Silver (Standard)
CUST933,333,1,30,0,Silver (Standard)
CUST934,161,1,500,1,Gold (Loyal)
CUST935,115,1,50,1,Gold (Loyal)
CUST936,329,1,200,0,Silver (Standard)
CUST937,71,1,500,1,Gold (Loyal)
CUST938,44,1,200,1,Gold (Loyal)
CUST939,15,1,300,1,Gold (Loyal)
CUST940,339,1,30,0,Silver (Standard)
CUST941,289,1,50,0,Silver (Standard)
CUST942,290,1,1500,2,Platinum (VIP)
CUST943,78,1,1200,2,Platinum (VIP)
CUST944,211,1,50,0,Silver (Standard)
CUST945,323,1,25,0,Silver (Standard)
CUST946,239,1,2000,2,Platinum (VIP)
CUST947,306,1,300,0,Silver (Standard)
CUST948,81,1,75,1,Gold (Loyal)
CUST949,153,1,50,1,Gold (Loyal)
CUST950,56,1,900,1,Gold (Loyal)
CUST951,61,1,100,1,Gold (Loyal)
CUST952,50,1,25,1,Gold (Loyal)
CUST953,251,1,90,0,Silver (Standard)
CUST954,99,1,900,2,Platinum (VIP)
CUST955,172,1,25,1,Gold (Loyal)
CUST956,136,1,1500,2,Platinum (VIP)
CUST957,140,1,120,1,Gold (Loyal)
CUST958,214,1,50,0,Silver (Standard)
CUST959,65,1,60,1,Gold (Loyal)
CUST960,147,1,60,1,Gold (Loyal)
CUST961,210,1,200,0,Silver (Standard)
CUST962,75,1,60,1,Gold (Loyal)
CUST963,49,1,50,1,Gold (Loyal)
CUST964,336,1,900,0,Silver (Standard)
CUST965,54,1,200,1,Gold (Loyal)
CUST966,316,1,1000,2,Platinum (VIP)
CUST967,260,1,25,0,Silver (Standard)
CUST968,46,1,900,1,Gold (Loyal)
CUST969,258,1,900,2,Platinum (VIP)
CUST970,231,1,2000,2,Platinum (VIP)
CUST971,28,1,200,1,Gold (Loyal)
CUST972,325,1,100,0,Silver (Standard)
CUST973,286,1,50,0,Silver (Standard)
CUST974,244,1,30,0,Silver (Standard)
CUST975,278,1,200,0,Silver (Standard)
CUST976,84,1,600,1,Gold (Loyal)
CUST977,328,1,75,0,Silver (Standard)
CUST978,286,1,150,0,Silver (Standard)
CUST979,365,1,25,0,Silver (Standard)
CUST980,157,1,75,1,Gold (Loyal)
CUST981,136,1,60,1,Gold (Loyal)
CUST982,14,1,90,1,Gold (Loyal)
CUST983,62,1,300,1,Gold (Loyal)
CUST984,126,1,500,1,Gold (Loyal)
CUST985,217,1,50,0,Silver (Standard)
CUST986,350,1,1000,2,Platinum (VIP)
CUST987,248,1,900,2,Platinum (VIP)
CUST988,219,1,75,0,Silver (Standard)
CUST989,5,1,25,1,Gold (Loyal)
CUST990,222,1,1000,2,Platinum (VIP)
CUST991,7,1,100,1,Gold (Loyal)
CUST992,134,1,60,1,Gold (Loyal)
CUST993,330,1,150,0,Silver (Standard)
CUST994,15,1,1000,1,Gold (Loyal)
CUST995,247,1,30,0,Silver (Standard)
CUST996,231,1,50,0,Silver (Standard)
CUST997,46,1,90,1,Gold (Loyal)
CUST998,65,1,100,1,Gold (Loyal)
CUST999,28,1,150,1,Gold (Loyal)
