Ref_ID,Impressions,Clicks,Cost,Revenue,Conversions,Cluster_Label,Segment_Name
Shop - 1:1 - Desk - [shop coupon code],16038,6504,6669,6402,1166,2,Potential
Shop - 1:1 - Desk - [shop coupon],36462,14367,13746,13262,2188,2,Potential
Shop - 1:1 - Desk - [shop discount code],3635,1458,1606,1723,248,0,Underperforming
Shop - 1:1 - Desk - [shop promo code],26185,10418,13278,13042,2294,2,Potential
Shop - 1:1 - Desk - [shop promo],808,282,391,337,61,0,Underperforming
Shop - 1:1 - Mob - [shop coupon code],46507,21756,13157,8550,1665,2,Potential
Shop - 1:1 - Mob - [shop coupon],152394,59177,19371,13699,2666,1,Winning Ads (Top)
Shop - 1:1 - Mob - [shop discount code],9950,4283,2637,2038,347,0,Underperforming
Shop - 1:1 - Mob - [shop promo code],57373,27121,16946,14565,2940,2,Potential
Shop - 1:1 - Mob - [shop promo],1875,706,485,409,69,0,Underperforming
Shop - Exact - Desk - Competitor,721,195,188,188,25,0,Underperforming
Shop - Exact - Desk - Coupon Code,8053,2678,2814,2475,392,0,Underperforming
Shop - Exact - Desk - Discount Code,2181,539,577,449,70,0,Underperforming
Shop - Exact - Desk - Free Shipping,656,168,65,84,29,0,Underperforming
Shop - Exact - Desk - Offer,490,115,221,149,26,0,Underperforming
Shop - Exact - Desk - Promo Code,7366,2693,3469,3089,536,0,Underperforming
Shop - Exact - Desk - Sale,6318,598,416,278,46,0,Underperforming
Shop - Exact - Mob - Competitor,1771,594,272,177,34,0,Underperforming
Shop - Exact - Mob - Coupon Code,27672,9335,4105,2783,478,0,Underperforming
Shop - Exact - Mob - Discount Code,6278,1506,817,313,59,0,Underperforming
Shop - Exact - Mob - Free Shipping,881,272,63,22,15,0,Underperforming
Shop - Exact - Mob - Offer,1029,256,212,208,24,0,Underperforming
Shop - Exact - Mob - Promo Code,17771,6635,4404,3444,590,0,Underperforming
Shop - Exact - Mob - Sale,9812,1008,413,202,42,0,Underperforming
Shop - Phrase - Desk - Competitor,36,5,5,13,2,0,Underperforming
Shop - Phrase - Desk - Coupon Code,9751,3402,3792,3547,579,0,Underperforming
Shop - Phrase - Desk - Discount Code,1062,147,135,67,13,0,Underperforming
Shop - Phrase - Desk - Free Shipping,66,8,3,0,0,0,Underperforming
Shop - Phrase - Desk - Offer,389,54,58,63,10,0,Underperforming
Shop - Phrase - Desk - Promo Code,5919,1954,2396,2400,408,0,Underperforming
Shop - Phrase - Desk - Sale,8180,593,426,232,34,0,Underperforming
Shop - Phrase - Mob - Competitor,55,11,5,16,2,0,Underperforming
Shop - Phrase - Mob - Coupon Code,18457,6762,3660,2262,380,0,Underperforming
Shop - Phrase - Mob - Discount Code,1813,264,138,21,4,0,Underperforming
Shop - Phrase - Mob - Free Shipping,118,15,6,0,0,0,Underperforming
Shop - Phrase - Mob - Offer,593,109,52,8,3,0,Underperforming
Shop - Phrase - Mob - Promo Code,9838,3509,2562,1836,282,0,Underperforming
Shop - Phrase - Mob - Sale,17807,2054,981,262,35,0,Underperforming
Shop - 1:1 - Mob - [shop promo code],40627,17655,12262,10303,1968,2,Potential
Shop - 1:1 - Desk - [shop promo code],19648,7673,11235,9928,1622,2,Potential
Shop - 1:1 - Mob - [shop coupon],105966,32005,10713,8473,1530,2,Potential
Shop - 1:1 - Desk - [shop coupon],28499,10141,10586,8859,1509,2,Potential
Shop - 1:1 - Mob - [shop coupon code],34189,13905,8146,6766,1218,2,Potential
Shop - 1:1 - Desk - [shop coupon code],12790,4983,6123,5590,897,0,Underperforming
Shop - Exact - Desk - Promo Code,6561,2328,3467,3316,498,0,Underperforming
Shop - Exact - Mob - Promo Code,13488,4605,2884,2678,435,0,Underperforming
Shop - Exact - Desk - Coupon Code,6244,2020,2267,2115,327,0,Underperforming
Shop - Phrase - Desk - Promo Code,4729,1635,2229,2010,315,0,Underperforming
Shop - Exact - Mob - Coupon Code,16969,5126,2176,1992,340,0,Underperforming
Shop - Phrase - Desk - Coupon Code,5283,1632,1767,1455,226,0,Underperforming
Shop - 1:1 - Mob - [shop discount code],7544,2523,1590,1591,216,0,Underperforming
Shop - 1:1 - Desk - [shop discount code],2938,1111,1571,1203,197,0,Underperforming
Shop - Phrase - Mob - Promo Code,7040,2407,1430,1373,214,0,Underperforming
Shop - Phrase - Mob - Coupon Code,8203,2504,1148,851,146,0,Underperforming
Shop - Exact - Desk - Discount Code,2263,556,627,516,74,0,Underperforming
Shop - Phrase - Desk - Sale,6770,629,486,240,37,0,Underperforming
Shop - Exact - Mob - Discount Code,3973,933,406,470,52,0,Underperforming
Shop - Phrase - Mob - Sale,7044,947,401,285,35,0,Underperforming
Shop - 1:1 - Mob - [shop promo],1489,472,347,295,61,0,Underperforming
Shop - 1:1 - Desk - [shop promo],745,240,343,346,52,0,Underperforming
Shop - Exact - Desk - Offer,613,163,329,274,39,0,Underperforming
Shop - Exact - Desk - Sale,3187,341,273,162,20,0,Underperforming
Shop - Exact - Mob - Sale,3884,565,229,173,27,0,Underperforming
Shop - Phrase - Desk - Offer,618,149,182,106,25,0,Underperforming
Shop - Exact - Mob - Offer,986,248,177,162,24,0,Underperforming
Shop - Phrase - Desk - Discount Code,1088,159,163,87,15,0,Underperforming
Shop - Exact - Desk - Competitor,591,153,161,173,24,0,Underperforming
Shop - Exact - Mob - Competitor,1113,333,142,76,14,0,Underperforming
Shop - Phrase - Mob - Discount Code,1303,233,111,51,9,0,Underperforming
Shop - Phrase - Mob - Offer,689,172,89,57,13,0,Underperforming
Shop - Exact - Desk - Free Shipping,678,163,76,70,28,0,Underperforming
Shop - Exact - Mob - Free Shipping,817,274,68,29,19,0,Underperforming
Shop - Phrase - Mob - Free Shipping,111,27,8,0,0,0,Underperforming
Shop - Phrase - Mob - Competitor,50,13,6,41,3,0,Underperforming
Shop - Phrase - Desk - Free Shipping,67,8,6,0,1,0,Underperforming
Shop - Phrase - Desk - Competitor,35,3,1,0,0,0,Underperforming
Shop - 1:1 - Mob - [shop coupon],90806,40622,10904,7891,1421,2,Potential
Shop - 1:1 - Mob - [shop promo code],32462,14427,9562,8838,1510,2,Potential
Shop - 1:1 - Desk - [shop promo code],15673,6199,9163,7264,1242,2,Potential
Shop - 1:1 - Desk - [shop coupon],20879,8135,8069,6153,1034,2,Potential
Shop - 1:1 - Mob - [shop coupon code],26710,11918,6628,5604,921,2,Potential
Shop - 1:1 - Desk - [shop coupon code],9759,3904,4949,3973,593,0,Underperforming
Shop - Exact - Desk - Promo Code,5480,2003,2984,3013,371,0,Underperforming
Shop - Exact - Mob - Promo Code,10938,4247,2486,2410,343,0,Underperforming
Shop - Exact - Mob - Coupon Code,16362,5876,2199,1970,302,0,Underperforming
Shop - Exact - Desk - Coupon Code,5304,1702,1912,1451,216,0,Underperforming
Shop - Phrase - Desk - Promo Code,3939,1321,1845,1678,205,0,Underperforming
Shop - Phrase - Desk - Coupon Code,3255,1077,1413,1391,166,0,Underperforming
Shop - 1:1 - Mob - [shop discount code],5471,2169,1302,1153,170,0,Underperforming
Shop - 1:1 - Desk - [shop discount code],2163,866,1165,1073,139,0,Underperforming
Shop - Phrase - Mob - Coupon Code,6231,2152,1096,947,143,0,Underperforming
Shop - Phrase - Mob - Promo Code,4655,1583,826,753,110,0,Underperforming
Shop - Exact - Desk - Sale,9989,1176,574,249,43,0,Underperforming
Shop - Phrase - Desk - Offer,1498,377,546,303,55,0,Underperforming
Shop - Exact - Mob - Discount Code,4224,1181,519,327,54,0,Underperforming
Shop - Exact - Desk - Discount Code,1650,432,457,406,48,0,Underperforming
Shop - Phrase - Desk - Sale,6314,526,400,157,26,0,Underperforming
Shop - Phrase - Mob - Offer,2018,621,373,308,45,0,Underperforming
Shop - 1:1 - Desk - [shop promo],548,200,279,251,39,0,Underperforming
Shop - 1:1 - Mob - [shop promo],1255,439,272,207,38,0,Underperforming
Shop - Exact - Desk - Offer,628,148,240,202,21,0,Underperforming
Shop - Exact - Mob - Offer,1288,340,239,143,20,0,Underperforming
Shop - Phrase - Mob - Sale,6444,593,231,221,27,0,Underperforming
Shop - Phrase - Mob - Discount Code,1848,447,217,179,28,0,Underperforming
Shop - Exact - Mob - Sale,8902,661,216,173,25,0,Underperforming
Shop - Exact - Mob - Competitor,1077,368,164,67,14,0,Underperforming
Shop - Phrase - Desk - Discount Code,810,123,134,121,17,0,Underperforming
Shop - Exact - Desk - Competitor,514,123,130,110,16,0,Underperforming
Shop - Exact - Desk - Free Shipping,499,116,52,74,14,0,Underperforming
Shop - Exact - Mob - Free Shipping,560,178,39,12,7,0,Underperforming
Shop - Phrase - Mob - Free Shipping,98,22,6,0,0,0,Underperforming
Shop - Phrase - Mob - Competitor,54,9,4,1,1,0,Underperforming
Shop - Phrase - Desk - Free Shipping,52,4,1,20,1,0,Underperforming
Shop - Phrase - Desk - Competitor,38,2,1,0,0,0,Underperforming
Shop - 1:1 - Mob - [shop coupon],93406,36068,12236,13744,2444,2,Potential
Shop - 1:1 - Mob - [shop promo code],34929,15595,11258,12025,2193,2,Potential
Shop - 1:1 - Desk - [shop promo code],16953,6484,10080,9553,1499,2,Potential
Shop - 1:1 - Desk - [shop coupon],24598,8693,9461,8186,1421,2,Potential
Shop - 1:1 - Mob - [shop coupon code],28102,12485,7192,7955,1393,2,Potential
Shop - 1:1 - Desk - [shop coupon code],10826,4021,4812,4627,725,0,Underperforming
Shop - Exact - Mob - Promo Code,13525,5656,3435,3487,621,0,Underperforming
Shop - Exact - Desk - Promo Code,6254,2064,3012,3180,456,0,Underperforming
Shop - Phrase - Desk - Promo Code,6908,1874,2325,2329,337,0,Underperforming
Shop - Exact - Mob - Coupon Code,15769,6046,2318,2655,440,0,Underperforming
Shop - Exact - Desk - Coupon Code,5044,1555,1734,1654,267,0,Underperforming
Shop - 1:1 - Mob - [shop discount code],5789,2510,1546,1889,269,0,Underperforming
Shop - Phrase - Mob - Promo Code,9619,2908,1476,1211,199,0,Underperforming
Shop - 1:1 - Desk - [shop discount code],2336,855,1081,1179,173,0,Underperforming
Shop - Exact - Mob - Discount Code,4715,1397,615,587,93,0,Underperforming
Shop - Phrase - Desk - Offer,2065,427,499,472,73,0,Underperforming
Shop - Exact - Desk - Discount Code,1770,412,488,481,79,0,Underperforming
Shop - Phrase - Mob - Offer,3279,952,468,423,61,0,Underperforming
Shop - Exact - Desk - Sale,7385,756,447,198,37,0,Underperforming
Shop - 1:1 - Desk - [shop promo],965,280,422,446,59,0,Underperforming
Shop - Phrase - Mob - Coupon Code,2524,819,418,535,82,0,Underperforming
Shop - 1:1 - Mob - [shop promo],1706,676,412,372,72,0,Underperforming
Shop - Phrase - Desk - Coupon Code,1398,361,407,340,58,0,Underperforming
Shop - Phrase - Mob - Discount Code,3223,752,316,498,43,0,Underperforming
Shop - Exact - Mob - Offer,1408,463,290,295,42,0,Underperforming
Shop - Exact - Desk - Offer,649,151,282,165,25,0,Underperforming
Shop - Exact - Mob - Sale,8454,726,277,115,26,0,Underperforming
Shop - Phrase - Mob - Sale,4894,551,226,122,24,0,Underperforming
Shop - Phrase - Desk - Discount Code,1074,190,190,184,22,0,Underperforming
Shop - Phrase - Desk - Sale,3023,228,172,108,14,0,Underperforming
Shop - Exact - Mob - Competitor,1000,321,154,136,23,0,Underperforming
Shop - Exact - Desk - Competitor,451,93,111,81,11,0,Underperforming
Shop - Exact - Mob - Free Shipping,709,208,45,14,12,0,Underperforming
Shop - Exact - Desk - Free Shipping,457,99,35,23,13,0,Underperforming
Shop - Phrase - Mob - Competitor,44,12,8,22,2,0,Underperforming
Shop - Phrase - Desk - Free Shipping,72,9,5,8,1,0,Underperforming
Shop - Phrase - Mob - Free Shipping,100,14,3,4,3,0,Underperforming
Shop - 1:1 - Mob - [shop coupon],276568,99526,38273,32668,5961,1,Winning Ads (Top)
Shop - 1:1 - Desk - [shop coupon],73448,25283,27336,23857,4080,1,Winning Ads (Top)
Shop - 1:1 - Desk - [shop promo code],64067,23538,37729,34518,5782,1,Winning Ads (Top)
Shop - Exact - Mob - Sale,15422,2078,2597,427,62,0,Underperforming
Shop - 1:1 - Desk - [shop coupon code],38523,14393,18641,16555,2713,2,Potential
Shop - Phrase - Mob - Offer,31793,7159,5075,3260,532,0,Underperforming
Shop - Phrase - Mob - Promo Code,50422,10147,5764,4472,773,2,Potential
Shop - Exact - Mob - Coupon Code,54501,19058,9302,8134,1345,2,Potential
Shop - 1:1 - Mob - [shop promo code],138811,57405,43542,42440,7563,1,Winning Ads (Top)
Shop - Phrase - Mob - Discount Code,24726,5216,2916,1981,277,0,Underperforming
Shop - Exact - Mob - Discount Code,20699,5540,2893,2003,320,0,Underperforming
Shop - 1:1 - Mob - [shop discount code],18275,8012,5651,4773,808,0,Underperforming
Shop - Exact - Desk - Sale,19335,1689,1118,422,85,0,Underperforming
Shop - Phrase - Desk - Promo Code,39649,8281,10823,10223,1640,2,Potential
Shop - Phrase - Desk - Offer,12209,1663,1600,1164,182,0,Underperforming
Shop - Phrase - Mob - Sale,13056,927,376,76,20,0,Underperforming
Shop - Phrase - Mob - Coupon Code,6765,1844,861,573,88,0,Underperforming
Shop - Phrase - Desk - Discount Code,6200,975,1102,844,108,0,Underperforming
Shop - Exact - Desk - Discount Code,7365,1348,1315,1061,164,0,Underperforming
Shop - Phrase - Desk - Coupon Code,7475,1977,2616,2368,382,0,Underperforming
Shop - Phrase - Desk - Sale,10262,667,386,165,30,0,Underperforming
Shop - Exact - Mob - Competitor,3155,871,402,268,54,0,Underperforming
Shop - 1:1 - Desk - [shop promo],2506,708,1039,910,137,0,Underperforming
Shop - Exact - Desk - Competitor,1692,341,342,258,43,0,Underperforming
Shop - 1:1 - Mob - [shop coupon code],99258,42283,24149,24071,4349,1,Winning Ads (Top)
Shop - Exact - Desk - Offer,2760,434,553,496,71,0,Underperforming
Shop - Exact - Mob - Promo Code,51335,19009,12189,12145,2095,2,Potential
Shop - Exact - Desk - Free Shipping,1805,354,134,95,55,0,Underperforming
Shop - Exact - Mob - Free Shipping,3279,618,118,93,52,0,Underperforming
Shop - Phrase - Mob - Competitor,127,32,18,7,2,0,Underperforming
Shop - Phrase - Desk - Free Shipping,85,9,2,0,0,0,Underperforming
Shop - Phrase - Mob - Free Shipping,209,31,7,7,2,0,Underperforming
Shop - 1:1 - Mob - [shop promo],5828,1975,1118,1121,214,0,Underperforming
Shop - Exact - Mob - Offer,6838,1235,641,676,85,0,Underperforming
Shop - Exact - Desk - Black Friday/Cyber Monday,257,24,3,45,7,0,Underperforming
Shop - 1:1 - Desk - [shop discount code],7254,2725,3182,3227,512,0,Underperforming
Shop - Exact - Desk - Coupon Code,18526,5553,5982,6047,919,0,Underperforming
Shop - Exact - Mob - Black Friday/Cyber Monday,3662,266,44,160,24,0,Underperforming
Shop - Exact - Desk - Promo Code,25592,7726,10914,11223,1731,2,Potential
